org,repo,hyperlink,30d_merge_rate
microsoft,mcp-for-beginners,https://github.com/microsoft/mcp-for-beginners,51
microsoft,winget-pkgs,https://github.com/microsoft/winget-pkgs,0
microsoft,fluentui,https://github.com/microsoft/fluentui,0
microsoft,mcsmcp,https://github.com/microsoft/mcsmcp,0
microsoft,vscode,https://github.com/microsoft/vscode,28
microsoft,generative-ai-for-beginners,https://github.com/microsoft/generative-ai-for-beginners,6
microsoft,PowerToys,https://github.com/microsoft/PowerToys,0
microsoft,TypeScript,https://github.com/microsoft/TypeScript,0
microsoft,vscode-anycode,https://github.com/microsoft/vscode-anycode,6
microsoft,magentic-ui,https://github.com/microsoft/magentic-ui,0
microsoft,azure-devops-mcp,https://github.com/microsoft/azure-devops-mcp,0
microsoft,playwright-mcp,https://github.com/microsoft/playwright-mcp,0
microsoft,confidential-aci-testing,https://github.com/microsoft/confidential-aci-testing,0
microsoft,RIFT,https://github.com/microsoft/RIFT,1
microsoft,ai-agents-for-beginners,https://github.com/microsoft/ai-agents-for-beginners,7
microsoft,semantic-kernel,https://github.com/microsoft/semantic-kernel,0
microsoft,terminal,https://github.com/microsoft/terminal,0
microsoft,mcp-for-beginners,https://github.com/microsoft/mcp-for-beginners,51
microsoft,winget-pkgs,https://github.com/microsoft/winget-pkgs,0
microsoft,fluentui,https://github.com/microsoft/fluentui,0
microsoft,mcsmcp,https://github.com/microsoft/mcsmcp,0
microsoft,vscode,https://github.com/microsoft/vscode,28
microsoft,generative-ai-for-beginners,https://github.com/microsoft/generative-ai-for-beginners,6
microsoft,PowerToys,https://github.com/microsoft/PowerToys,0
microsoft,TypeScript,https://github.com/microsoft/TypeScript,0
microsoft,vscode-anycode,https://github.com/microsoft/vscode-anycode,6
microsoft,magentic-ui,https://github.com/microsoft/magentic-ui,0
microsoft,azure-devops-mcp,https://github.com/microsoft/azure-devops-mcp,0
microsoft,playwright-mcp,https://github.com/microsoft/playwright-mcp,0
microsoft,confidential-aci-testing,https://github.com/microsoft/confidential-aci-testing,0
microsoft,RIFT,https://github.com/microsoft/RIFT,1
microsoft,ai-agents-for-beginners,https://github.com/microsoft/ai-agents-for-beginners,7
microsoft,semantic-kernel,https://github.com/microsoft/semantic-kernel,0
microsoft,terminal,https://github.com/microsoft/terminal,0
microsoft,edit,https://github.com/microsoft/edit,0
microsoft,playwright,https://github.com/microsoft/playwright,0
microsoft,rnx-kit,https://github.com/microsoft/rnx-kit,0
microsoft,vscode-copilot-chat,https://github.com/microsoft/vscode-copilot-chat,0
microsoft,AI-For-Beginners,https://github.com/microsoft/AI-For-Beginners,1
microsoft,markitdown,https://github.com/microsoft/markitdown,0
microsoft,Web-Dev-For-Beginners,https://github.com/microsoft/Web-Dev-For-Beginners,1
microsoft,playwright-python,https://github.com/microsoft/playwright-python,0
microsoft,Mastering-GitHub-Copilot-for-Paired-Programming,https://github.com/microsoft/Mastering-GitHub-Copilot-for-Paired-Programming,10
microsoft,planetary-computer-tasks,https://github.com/microsoft/planetary-computer-tasks,0
microsoft,playwright-dotnet,https://github.com/microsoft/playwright-dotnet,0
microsoft,playwright-java,https://github.com/microsoft/playwright-java,0
microsoft,poml,https://github.com/microsoft/poml,0
microsoft,playwright-pytest,https://github.com/microsoft/playwright-pytest,0
microsoft,TimeCraft,https://github.com/microsoft/TimeCraft,1
microsoft,winget-cli,https://github.com/microsoft/winget-cli,0
microsoft,playwright-vscode,https://github.com/microsoft/playwright-vscode,0
microsoft,Security-101,https://github.com/microsoft/Security-101,1
microsoft,clrmd,https://github.com/microsoft/clrmd,0
microsoft,RD-Agent,https://github.com/microsoft/RD-Agent,0
microsoft,vscode-docs,https://github.com/microsoft/vscode-docs,34
microsoft,qlib,https://github.com/microsoft/qlib,0
microsoft,react-native-windows,https://github.com/microsoft/react-native-windows,0
microsoft,scitt-ccf-ledger,https://github.com/microsoft/scitt-ccf-ledger,0
microsoft,autogen,https://github.com/microsoft/autogen,0
microsoft,AI-Red-Teaming-Playground-Labs,https://github.com/microsoft/AI-Red-Teaming-Playground-Labs,0
microsoft,mssql-python,https://github.com/microsoft/mssql-python,0
microsoft,presidio,https://github.com/microsoft/presidio,0
microsoft,clarity-apps,https://github.com/microsoft/clarity-apps,0
microsoft,WindowsAppSDK,https://github.com/microsoft/WindowsAppSDK,0
microsoft,go,https://github.com/microsoft/go,0
microsoft,JARVIS,https://github.com/microsoft/JARVIS,1
microsoft,data-formulator,https://github.com/microsoft/data-formulator,0
microsoft,ML-For-Beginners,https://github.com/microsoft/ML-For-Beginners,1
microsoft,DirectML,https://github.com/microsoft/DirectML,0
microsoft,windows-rs,https://github.com/microsoft/windows-rs,0
microsoft,opensource.microsoft.com,https://github.com/microsoft/opensource.microsoft.com,31
microsoft,vs-streamjsonrpc,https://github.com/microsoft/vs-streamjsonrpc,22
microsoft,microsoft-ui-xaml,https://github.com/microsoft/microsoft-ui-xaml,0
microsoft,windows-ai-studio-templates,https://github.com/microsoft/windows-ai-studio-templates,15
microsoft,mu_common_intel_min_platform,https://github.com/microsoft/mu_common_intel_min_platform,0
microsoft,terraform-provider-msgraph,https://github.com/microsoft/terraform-provider-msgraph,0
microsoft,mu_plus,https://github.com/microsoft/mu_plus,0
microsoft,ai-dev-gallery,https://github.com/microsoft/ai-dev-gallery,23
microsoft,mu_tiano_plus,https://github.com/microsoft/mu_tiano_plus,0
microsoft,mu_basecore,https://github.com/microsoft/mu_basecore,0
microsoft,onnxruntime,https://github.com/microsoft/onnxruntime,0
microsoft,mastering-github-copilot-for-dotnet-csharp-developers,https://github.com/microsoft/mastering-github-copilot-for-dotnet-csharp-developers,1
microsoft,CCF,https://github.com/microsoft/CCF,0
microsoft,inshellisense,https://github.com/microsoft/inshellisense,0
microsoft,CSS-Exchange,https://github.com/microsoft/CSS-Exchange,13
microsoft,Microsoft365DSC,https://github.com/microsoft/Microsoft365DSC,0
microsoft,wslg,https://github.com/microsoft/wslg,0
microsoft,graphrag,https://github.com/microsoft/graphrag,0
microsoft,Policy-Weaver,https://github.com/microsoft/Policy-Weaver,7
microsoft,homebrew-git,https://github.com/microsoft/homebrew-git,0
microsoft,typescript-go,https://github.com/microsoft/typescript-go,0
microsoft,react-native-test-app,https://github.com/microsoft/react-native-test-app,0
microsoft,xdp-for-windows,https://github.com/microsoft/xdp-for-windows,0
microsoft,OpenAPI.NET,https://github.com/microsoft/OpenAPI.NET,9
microsoft,wassette,https://github.com/microsoft/wassette,21
microsoft,Generative-AI-for-beginners-java,https://github.com/microsoft/Generative-AI-for-beginners-java,26
microsoft,agent-lightning,https://github.com/microsoft/agent-lightning,0
microsoft,genaiscript,https://github.com/microsoft/genaiscript,0
microsoft,fluentui-contrib,https://github.com/microsoft/fluentui-contrib,0
microsoft,documentdb,https://github.com/microsoft/documentdb,0
microsoft,semantic-kernel-java,https://github.com/microsoft/semantic-kernel-java,1
microsoft,UFO,https://github.com/microsoft/UFO,2
microsoft,go-mssqldb,https://github.com/microsoft/go-mssqldb,0
microsoft,vscode-commander,https://github.com/microsoft/vscode-commander,0
microsoft,kiota,https://github.com/microsoft/kiota,51
microsoft,MoGe,https://github.com/microsoft/MoGe,0
microsoft,bioemu,https://github.com/microsoft/bioemu,0
microsoft,OptiGuide,https://github.com/microsoft/OptiGuide,1
microsoft,smtpoauth2,https://github.com/microsoft/smtpoauth2,1
microsoft,language-server-protocol,https://github.com/microsoft/language-server-protocol,0
microsoft,AnthropomorphicIntelligence,https://github.com/microsoft/AnthropomorphicIntelligence,5
microsoft,lets-learn-mcp-javascript,https://github.com/microsoft/lets-learn-mcp-javascript,4
microsoft,lets-learn-mcp-python,https://github.com/microsoft/lets-learn-mcp-python,0
microsoft,BCApps,https://github.com/microsoft/BCApps,0
microsoft,vcpkg,https://github.com/microsoft/vcpkg,0
microsoft,vscode-python-environments,https://github.com/microsoft/vscode-python-environments,0
microsoft,navcontainerhelper,https://github.com/microsoft/navcontainerhelper,0
microsoft,IoT-For-Beginners,https://github.com/microsoft/IoT-For-Beginners,0
microsoft,monaco-editor,https://github.com/microsoft/monaco-editor,0
microsoft,Data-Science-For-Beginners,https://github.com/microsoft/Data-Science-For-Beginners,1
microsoft,PowerApps-Samples,https://github.com/microsoft/PowerApps-Samples,0
microsoft,VbsEnclaveTooling,https://github.com/microsoft/VbsEnclaveTooling,0
microsoft,WSL,https://github.com/microsoft/WSL,0
microsoft,vscode-extension-samples,https://github.com/microsoft/vscode-extension-samples,9
microsoft,PowerAppsCodeApps,https://github.com/microsoft/PowerAppsCodeApps,5
microsoft,fluentui-charting-contrib,https://github.com/microsoft/fluentui-charting-contrib,0
microsoft,openaivec,https://github.com/microsoft/openaivec,17
microsoft,WinUI-Gallery,https://github.com/microsoft/WinUI-Gallery,0
microsoft,PowerPlatformConnectors,https://github.com/microsoft/PowerPlatformConnectors,0
microsoft,go-images-versions,https://github.com/microsoft/go-images-versions,0
microsoft,AL-Go,https://github.com/microsoft/AL-Go,0
microsoft,RetrievalAttention,https://github.com/microsoft/RetrievalAttention,0
microsoft,AzureLinuxVulnerabilityData,https://github.com/microsoft/AzureLinuxVulnerabilityData,0
microsoft,TinyTroupe,https://github.com/microsoft/TinyTroupe,1
microsoft,fluentui-system-icons,https://github.com/microsoft/fluentui-system-icons,0
microsoft,.github,https://github.com/microsoft/.github,1
microsoft,monosize,https://github.com/microsoft/monosize,0
microsoft,azure-pipelines-tasks,https://github.com/microsoft/azure-pipelines-tasks,0
microsoft,vscode-pull-request-github,https://github.com/microsoft/vscode-pull-request-github,0
microsoft,VSExtensibility,https://github.com/microsoft/VSExtensibility,1
microsoft,MSBuildCache,https://github.com/microsoft/MSBuildCache,0
microsoft,benchmark-qed,https://github.com/microsoft/benchmark-qed,0
microsoft,Tutel,https://github.com/microsoft/Tutel,0
microsoft,vscode-gulp-electron,https://github.com/microsoft/vscode-gulp-electron,0
microsoft,regorus,https://github.com/microsoft/regorus,0
microsoft,Build-your-own-copilot-Solution-Accelerator,https://github.com/microsoft/Build-your-own-copilot-Solution-Accelerator,6
microsoft,amudai,https://github.com/microsoft/amudai,0
microsoft,vscode-loc,https://github.com/microsoft/vscode-loc,0
microsoft,FLAML,https://github.com/microsoft/FLAML,0
microsoft,windows-drivers-rs,https://github.com/microsoft/windows-drivers-rs,0
microsoft,MInference,https://github.com/microsoft/MInference,0
microsoft,renderformer,https://github.com/microsoft/renderformer,0
microsoft,FIVE-UI-Evol,https://github.com/microsoft/FIVE-UI-Evol,0
microsoft,vscode-atom-keybindings,https://github.com/microsoft/vscode-atom-keybindings,0
microsoft,testfx,https://github.com/microsoft/testfx,10
microsoft,msbuild-lab328-cea-agentssdk,https://github.com/microsoft/msbuild-lab328-cea-agentssdk,8
microsoft,vscode-languageserver-node,https://github.com/microsoft/vscode-languageserver-node,0
microsoft,vscode-eslint,https://github.com/microsoft/vscode-eslint,0
microsoft,DeepVideoDiscovery,https://github.com/microsoft/DeepVideoDiscovery,1
microsoft,LightGBM,https://github.com/microsoft/LightGBM,0
microsoft,promptflow,https://github.com/microsoft/promptflow,0
microsoft,proxy,https://github.com/microsoft/proxy,0
microsoft,TaskWeaver,https://github.com/microsoft/TaskWeaver,0
microsoft,playwright.dev,https://github.com/microsoft/playwright.dev,0
microsoft,fluentui-blazor,https://github.com/microsoft/fluentui-blazor,0
microsoft,fabric-toolbox,https://github.com/microsoft/fabric-toolbox,20
microsoft,DirectXMath,https://github.com/microsoft/DirectXMath,0
microsoft,pyright,https://github.com/microsoft/pyright,0
microsoft,CopilotChatAnalytics,https://github.com/microsoft/CopilotChatAnalytics,1
microsoft,Generative-AI-for-beginners-dotnet,https://github.com/microsoft/Generative-AI-for-beginners-dotnet,21
microsoft,DAViD,https://github.com/microsoft/DAViD,0
microsoft,aurora,https://github.com/microsoft/aurora,9
microsoft,semantic-link-labs,https://github.com/microsoft/semantic-link-labs,13
microsoft,Detours,https://github.com/microsoft/Detours,0
microsoft,SeerAttention,https://github.com/microsoft/SeerAttention,0
microsoft,AzureTRE,https://github.com/microsoft/AzureTRE,0
microsoft,Windows-Cross-Device,https://github.com/microsoft/Windows-Cross-Device,2
microsoft,GUI-Actor,https://github.com/microsoft/GUI-Actor,0
microsoft,react-native-windows-samples,https://github.com/microsoft/react-native-windows-samples,0
microsoft,mimalloc,https://github.com/microsoft/mimalloc,0
microsoft,rushstack,https://github.com/microsoft/rushstack,0
microsoft,fluentui-react-native,https://github.com/microsoft/fluentui-react-native,0
microsoft,Microsoft-Win32-Content-Prep-Tool,https://github.com/microsoft/Microsoft-Win32-Content-Prep-Tool,0
microsoft,mssql-django,https://github.com/microsoft/mssql-django,0
microsoft,fabric-rti-mcp,https://github.com/microsoft/fabric-rti-mcp,1
microsoft,mattergen,https://github.com/microsoft/mattergen,1
microsoft,PhiCookBook,https://github.com/microsoft/PhiCookBook,0
microsoft,WPF-Samples,https://github.com/microsoft/WPF-Samples,0
microsoft,component-detection,https://github.com/microsoft/component-detection,0
microsoft,SCXcore-osskits,https://github.com/microsoft/SCXcore-osskits,0
microsoft,crescent-credentials,https://github.com/microsoft/crescent-credentials,0
microsoft,TypeScript-DOM-lib-generator,https://github.com/microsoft/TypeScript-DOM-lib-generator,0
microsoft,demikernel,https://github.com/microsoft/demikernel,0
microsoft,mcp-dotnet-samples,https://github.com/microsoft/mcp-dotnet-samples,0
microsoft,dion,https://github.com/microsoft/dion,2
microsoft,powerbi-desktop-samples,https://github.com/microsoft/powerbi-desktop-samples,0
microsoft,PEACE,https://github.com/microsoft/PEACE,0
microsoft,vscode-ts-customized-language-service,https://github.com/microsoft/vscode-ts-customized-language-service,2
microsoft,vscode-debug-value-editor,https://github.com/microsoft/vscode-debug-value-editor,2
microsoft,vscode-ts-file-path-support,https://github.com/microsoft/vscode-ts-file-path-support,1
microsoft,vscode-diagnostic-tools,https://github.com/microsoft/vscode-diagnostic-tools,2
microsoft,vscode-python,https://github.com/microsoft/vscode-python,0
microsoft,azuredatastudio,https://github.com/microsoft/azuredatastudio,0
microsoft,Document-Knowledge-Mining-Solution-Accelerator,https://github.com/microsoft/Document-Knowledge-Mining-Solution-Accelerator,4
microsoft,snmalloc,https://github.com/microsoft/snmalloc,0
microsoft,mssql-jdbc,https://github.com/microsoft/mssql-jdbc,0
microsoft,coe-starter-kit,https://github.com/microsoft/coe-starter-kit,0
microsoft,HeurAgenix,https://github.com/microsoft/HeurAgenix,0
microsoft,Conversation-Knowledge-Mining-Solution-Accelerator,https://github.com/microsoft/Conversation-Knowledge-Mining-Solution-Accelerator,19
microsoft,promptbench,https://github.com/microsoft/promptbench,0
microsoft,Nova,https://github.com/microsoft/Nova,0
microsoft,triton-shared,https://github.com/microsoft/triton-shared,0
microsoft,api-guidelines,https://github.com/microsoft/api-guidelines,0
microsoft,vscode-python-web-wasm,https://github.com/microsoft/vscode-python-web-wasm,2
microsoft,fast,https://github.com/microsoft/fast,0
microsoft,Foundry-Local,https://github.com/microsoft/Foundry-Local,0
microsoft,connected-workbooks,https://github.com/microsoft/connected-workbooks,6
microsoft,rust-guidelines,https://github.com/microsoft/rust-guidelines,0
microsoft,SynapseML,https://github.com/microsoft/SynapseML,0
microsoft,openjdk-jdk,https://github.com/microsoft/openjdk-jdk,0
microsoft,pylance-release,https://github.com/microsoft/pylance-release,0
microsoft,TRELLIS,https://github.com/microsoft/TRELLIS,0
microsoft,vscode-mssql,https://github.com/microsoft/vscode-mssql,0
microsoft,Power-CAT-Copilot-Studio-Kit,https://github.com/microsoft/Power-CAT-Copilot-Studio-Kit,6
microsoft,VS-Code-Dev-Days,https://github.com/microsoft/VS-Code-Dev-Days,5
microsoft,STL,https://github.com/microsoft/STL,0
microsoft,CopilotAdventures,https://github.com/microsoft/CopilotAdventures,3
microsoft,CopilotStudioSamples,https://github.com/microsoft/CopilotStudioSamples,0
microsoft,copilot-camp,https://github.com/microsoft/copilot-camp,28
microsoft,MarS,https://github.com/microsoft/MarS,0
microsoft,RulesEngine,https://github.com/microsoft/RulesEngine,0
microsoft,pxt-microbit,https://github.com/microsoft/pxt-microbit,0
microsoft,onnxruntime-swift-package-manager,https://github.com/microsoft/onnxruntime-swift-package-manager,1
microsoft,DirectX-Graphics-Samples,https://github.com/microsoft/DirectX-Graphics-Samples,0
microsoft,mdatp-xplat,https://github.com/microsoft/mdatp-xplat,0
microsoft,Modernize-your-code-solution-accelerator,https://github.com/microsoft/Modernize-your-code-solution-accelerator,11
microsoft,GitHub-Copilot-for-Azure,https://github.com/microsoft/GitHub-Copilot-for-Azure,0
microsoft,vscode-react-native,https://github.com/microsoft/vscode-react-native,0
microsoft,BiomedParse,https://github.com/microsoft/BiomedParse,0
microsoft,sql-server-samples,https://github.com/microsoft/sql-server-samples,0
microsoft,copilot-intellij-feedback,https://github.com/microsoft/copilot-intellij-feedback,0
microsoft,Xbox-GDK-Samples,https://github.com/microsoft/Xbox-GDK-Samples,0
microsoft,SQLCallStackResolver,https://github.com/microsoft/SQLCallStackResolver,0
microsoft,Kusto-Query-Language,https://github.com/microsoft/Kusto-Query-Language,0
microsoft,VirtualClient,https://github.com/microsoft/VirtualClient,0
microsoft,WindowsAppSDK-Samples,https://github.com/microsoft/WindowsAppSDK-Samples,0
microsoft,agenthonseoul2025,https://github.com/microsoft/agenthonseoul2025,0
microsoft,onnxruntime-inference-examples,https://github.com/microsoft/onnxruntime-inference-examples,0
microsoft,DiskANN,https://github.com/microsoft/DiskANN,0
microsoft,promptpex,https://github.com/microsoft/promptpex,1
microsoft,MIDI,https://github.com/microsoft/MIDI,16
microsoft,vidur,https://github.com/microsoft/vidur,0
microsoft,azure-pipelines-agent,https://github.com/microsoft/azure-pipelines-agent,0
microsoft,FeatureManagement,https://github.com/microsoft/FeatureManagement,0
microsoft,TypeAgent,https://github.com/microsoft/TypeAgent,0
microsoft,azurelinux,https://github.com/microsoft/azurelinux,0
microsoft,Power-Fx,https://github.com/microsoft/Power-Fx,0
microsoft,typespec,https://github.com/microsoft/typespec,0
microsoft,vscode-jupyter,https://github.com/microsoft/vscode-jupyter,0
microsoft,DirectX-SDK-Samples,https://github.com/microsoft/DirectX-SDK-Samples,0
microsoft,BitBLAS,https://github.com/microsoft/BitBLAS,0
microsoft,Windows-driver-samples,https://github.com/microsoft/Windows-driver-samples,2
microsoft,vscode-java-pack,https://github.com/microsoft/vscode-java-pack,0
microsoft,garnet,https://github.com/microsoft/garnet,0
microsoft,Olive,https://github.com/microsoft/Olive,0
microsoft,multilspy,https://github.com/microsoft/multilspy,3
microsoft,vscode-java-debug,https://github.com/microsoft/vscode-java-debug,0
microsoft,vscode-java-dependency,https://github.com/microsoft/vscode-java-dependency,0
microsoft,perfview,https://github.com/microsoft/perfview,0
microsoft,vscode-pgsql,https://github.com/microsoft/vscode-pgsql,0
microsoft,prompty,https://github.com/microsoft/prompty,4
microsoft,DKI_LLM,https://github.com/microsoft/DKI_LLM,0
microsoft,purview-data-governance-masterclass,https://github.com/microsoft/purview-data-governance-masterclass,1
microsoft,Semi-supervised-learning,https://github.com/microsoft/Semi-supervised-learning,0
microsoft,mineworld,https://github.com/microsoft/mineworld,0
microsoft,azure-roles,https://github.com/microsoft/azure-roles,0
microsoft,vscode-typescript-next,https://github.com/microsoft/vscode-typescript-next,0
microsoft,agent-academy,https://github.com/microsoft/agent-academy,39
microsoft,HydraLab,https://github.com/microsoft/HydraLab,0
microsoft,mcp,https://github.com/microsoft/mcp,0
microsoft,ai-developer,https://github.com/microsoft/ai-developer,0
microsoft,lsprotocol,https://github.com/microsoft/lsprotocol,0
microsoft,pdb-rs,https://github.com/microsoft/pdb-rs,0
microsoft,Agents,https://github.com/microsoft/Agents,20
microsoft,fabric-samples,https://github.com/microsoft/fabric-samples,5
microsoft,vscode-ai-toolkit,https://github.com/microsoft/vscode-ai-toolkit,1
microsoft,Multi-Agent-Custom-Automation-Engine-Solution-Accelerator,https://github.com/microsoft/Multi-Agent-Custom-Automation-Engine-Solution-Accelerator,16
microsoft,xbox-live-trace-analyzer,https://github.com/microsoft/xbox-live-trace-analyzer,0
microsoft,azure-quantum-python,https://github.com/microsoft/azure-quantum-python,0
microsoft,generative-ai-with-javascript,https://github.com/microsoft/generative-ai-with-javascript,0
microsoft,onnxruntime-genai,https://github.com/microsoft/onnxruntime-genai,0
microsoft,cheriot-safe,https://github.com/microsoft/cheriot-safe,1
microsoft,debugpy,https://github.com/microsoft/debugpy,0
microsoft,PromptWizard,https://github.com/microsoft/PromptWizard,0
microsoft,DevSkim,https://github.com/microsoft/DevSkim,0
microsoft,chartifact,https://github.com/microsoft/chartifact,6
microsoft,CsWin32,https://github.com/microsoft/CsWin32,0
microsoft,XmlNotepad,https://github.com/microsoft/XmlNotepad,0
microsoft,SdnDiagnostics,https://github.com/microsoft/SdnDiagnostics,0
microsoft,sbom-tool,https://github.com/microsoft/sbom-tool,0
microsoft,vscode-perf-bot,https://github.com/microsoft/vscode-perf-bot,2
microsoft,igvm,https://github.com/microsoft/igvm,0
microsoft,ebpf-for-windows,https://github.com/microsoft/ebpf-for-windows,0
microsoft,CameraTraps,https://github.com/microsoft/CameraTraps,1
microsoft,winget-cli-restsource,https://github.com/microsoft/winget-cli-restsource,0
microsoft,call-center-ai,https://github.com/microsoft/call-center-ai,0
microsoft,libsyncrpc,https://github.com/microsoft/libsyncrpc,0
microsoft,Microsoft.Unity.Analyzers,https://github.com/microsoft/Microsoft.Unity.Analyzers,0
microsoft,KBLaM,https://github.com/microsoft/KBLaM,0
microsoft,GSL,https://github.com/microsoft/GSL,0
microsoft,vscode-wiki,https://github.com/microsoft/vscode-wiki,2
microsoft,cppwinrt,https://github.com/microsoft/cppwinrt,0
microsoft,Windows-Machine-Learning,https://github.com/microsoft/Windows-Machine-Learning,0
microsoft,dynamics365patternspractices,https://github.com/microsoft/dynamics365patternspractices,1
microsoft,bpf_performance,https://github.com/microsoft/bpf_performance,5
microsoft,vsmarketplace,https://github.com/microsoft/vsmarketplace,6
microsoft,vscode-generator-code,https://github.com/microsoft/vscode-generator-code,0
microsoft,villa-x,https://github.com/microsoft/villa-x,0
microsoft,sample-app-aoai-chatGPT,https://github.com/microsoft/sample-app-aoai-chatGPT,0
microsoft,livedrbench,https://github.com/microsoft/livedrbench,0
microsoft,TypeScript-Website,https://github.com/microsoft/TypeScript-Website,0
microsoft,onnxruntime-extensions,https://github.com/microsoft/onnxruntime-extensions,0
microsoft,agent-for-rfp-response-solution-accelerator,https://github.com/microsoft/agent-for-rfp-response-solution-accelerator,0
microsoft,msquic,https://github.com/microsoft/msquic,0
microsoft,SLiCE,https://github.com/microsoft/SLiCE,8
microsoft,node-pty,https://github.com/microsoft/node-pty,0
microsoft,BotFramework-WebChat,https://github.com/microsoft/BotFramework-WebChat,0
microsoft,symphony,https://github.com/microsoft/symphony,0
microsoft,FluidFramework,https://github.com/microsoft/FluidFramework,0
microsoft,codespace-features,https://github.com/microsoft/codespace-features,0
microsoft,CMake,https://github.com/microsoft/CMake,0
microsoft,openvmm,https://github.com/microsoft/openvmm,0
microsoft,AIOpsLab,https://github.com/microsoft/AIOpsLab,5
microsoft,DirectXShaderCompiler,https://github.com/microsoft/DirectXShaderCompiler,0
microsoft,slow-cheetah,https://github.com/microsoft/slow-cheetah,0
microsoft,Solution-Accelerators,https://github.com/microsoft/Solution-Accelerators,1
microsoft,Microsoft.IO.RecyclableMemoryStream,https://github.com/microsoft/Microsoft.IO.RecyclableMemoryStream,0
microsoft,mstic,https://github.com/microsoft/mstic,0
microsoft,build-your-first-agent-with-azure-ai-agent-service-workshop,https://github.com/microsoft/build-your-first-agent-with-azure-ai-agent-service-workshop,0
microsoft,vscode-containers,https://github.com/microsoft/vscode-containers,0
microsoft,vscode-js-debug,https://github.com/microsoft/vscode-js-debug,0
microsoft,ctsTraffic,https://github.com/microsoft/ctsTraffic,0
microsoft,maker.js,https://github.com/microsoft/maker.js,0
microsoft,react-native-macos,https://github.com/microsoft/react-native-macos,0
microsoft,vscode-dotnettools,https://github.com/microsoft/vscode-dotnettools,3
microsoft,Qcodes,https://github.com/microsoft/Qcodes,49
microsoft,debug-adapter-protocol,https://github.com/microsoft/debug-adapter-protocol,0
microsoft,model-mondays,https://github.com/microsoft/model-mondays,16
microsoft,document-generation-solution-accelerator,https://github.com/microsoft/document-generation-solution-accelerator,18
microsoft,Agents-for-Enhanced-Customer-Care-Solution-Accelerator,https://github.com/microsoft/Agents-for-Enhanced-Customer-Care-Solution-Accelerator,2
microsoft,content-processing-solution-accelerator,https://github.com/microsoft/content-processing-solution-accelerator,7
microsoft,agent-for-hr-service-solution-accelerator,https://github.com/microsoft/agent-for-hr-service-solution-accelerator,0
microsoft,Agent-for-Contract-Processing-Solution-Accelerator,https://github.com/microsoft/Agent-for-Contract-Processing-Solution-Accelerator,1
microsoft,recipe-tool,https://github.com/microsoft/recipe-tool,4
microsoft,pxt,https://github.com/microsoft/pxt,0
microsoft,vscode-vsce,https://github.com/microsoft/vscode-vsce,1
microsoft,SuiGeneris,https://github.com/microsoft/SuiGeneris,0
microsoft,Reversible-App-Sample,https://github.com/microsoft/Reversible-App-Sample,1
microsoft,secureboot_objects,https://github.com/microsoft/secureboot_objects,0
microsoft,moodle-local_copilot,https://github.com/microsoft/moodle-local_copilot,0
microsoft,mu_feature_debugger,https://github.com/microsoft/mu_feature_debugger,0
microsoft,mu_feature_dfci,https://github.com/microsoft/mu_feature_dfci,0
microsoft,mu_tiano_platforms,https://github.com/microsoft/mu_tiano_platforms,0
microsoft,mu_feature_config,https://github.com/microsoft/mu_feature_config,0
microsoft,mu_oem_sample,https://github.com/microsoft/mu_oem_sample,0
microsoft,mu_feature_ipmi,https://github.com/microsoft/mu_feature_ipmi,0
microsoft,clarity-mcp-server,https://github.com/microsoft/clarity-mcp-server,5
microsoft,vscode-codicons,https://github.com/microsoft/vscode-codicons,2
microsoft,DirectXTK,https://github.com/microsoft/DirectXTK,0
microsoft,sca-fuzzer,https://github.com/microsoft/sca-fuzzer,0
microsoft,mfcmapi,https://github.com/microsoft/mfcmapi,0
microsoft,vscode-mypy,https://github.com/microsoft/vscode-mypy,0
microsoft,java-debug,https://github.com/microsoft/java-debug,0
microsoft,FeatureManagement-Dotnet,https://github.com/microsoft/FeatureManagement-Dotnet,0
microsoft,vscode-cmake-tools,https://github.com/microsoft/vscode-cmake-tools,0
microsoft,DirectXMesh,https://github.com/microsoft/DirectXMesh,0
microsoft,DirectXTK12,https://github.com/microsoft/DirectXTK12,0
microsoft,synapse-spark-runtime,https://github.com/microsoft/synapse-spark-runtime,0
microsoft,pxt-jacdac,https://github.com/microsoft/pxt-jacdac,0
microsoft,semanticworkbench,https://github.com/microsoft/semanticworkbench,0
microsoft,PSRule,https://github.com/microsoft/PSRule,0
microsoft,ai-agent-evals,https://github.com/microsoft/ai-agent-evals,0
microsoft,vscode-python-debugger,https://github.com/microsoft/vscode-python-debugger,0
microsoft,CsWinRT,https://github.com/microsoft/CsWinRT,0
microsoft,slngen,https://github.com/microsoft/slngen,0
microsoft,json-schemas,https://github.com/microsoft/json-schemas,11
microsoft,jacdac-docs,https://github.com/microsoft/jacdac-docs,0
microsoft,z3guide,https://github.com/microsoft/z3guide,0
microsoft,TaskTracker,https://github.com/microsoft/TaskTracker,1
microsoft,AttackSurfaceAnalyzer,https://github.com/microsoft/AttackSurfaceAnalyzer,0
microsoft,BuildXL,https://github.com/microsoft/BuildXL,0
microsoft,dev-tunnels,https://github.com/microsoft/dev-tunnels,0
microsoft,Agents-for-net,https://github.com/microsoft/Agents-for-net,19
microsoft,SetupBench,https://github.com/microsoft/SetupBench,0
microsoft,Spartan2,https://github.com/microsoft/Spartan2,0
microsoft,MSBuildSdks,https://github.com/microsoft/MSBuildSdks,0
microsoft,mscclpp,https://github.com/microsoft/mscclpp,0
microsoft,verus-proof-synthesis,https://github.com/microsoft/verus-proof-synthesis,3
microsoft,kiota-samples,https://github.com/microsoft/kiota-samples,50
microsoft,vscode-cpptools,https://github.com/microsoft/vscode-cpptools,0
microsoft,durabletask-python,https://github.com/microsoft/durabletask-python,0
microsoft,copilot-studio-mcp,https://github.com/microsoft/copilot-studio-mcp,6
microsoft,accessibility-insights-web,https://github.com/microsoft/accessibility-insights-web,0
microsoft,Tools-for-Health-Data-Anonymization,https://github.com/microsoft/Tools-for-Health-Data-Anonymization,0
microsoft,azure-pipelines-extensions,https://github.com/microsoft/azure-pipelines-extensions,0
microsoft,PackageUploader,https://github.com/microsoft/PackageUploader,0
microsoft,mu_silicon_arm_tiano,https://github.com/microsoft/mu_silicon_arm_tiano,0
microsoft,retina,https://github.com/microsoft/retina,0
microsoft,mu_silicon_intel_tiano,https://github.com/microsoft/mu_silicon_intel_tiano,0
microsoft,fluentui-apple,https://github.com/microsoft/fluentui-apple,0
microsoft,lepton_jpeg_rust,https://github.com/microsoft/lepton_jpeg_rust,0
microsoft,MHA,https://github.com/microsoft/MHA,0
microsoft,go-infra,https://github.com/microsoft/go-infra,7
microsoft,teams-agent-accelerator-templates,https://github.com/microsoft/teams-agent-accelerator-templates,0
microsoft,roosterjs,https://github.com/microsoft/roosterjs,0
microsoft,mu_devops,https://github.com/microsoft/mu_devops,0
microsoft,omnichannel-chat-widget,https://github.com/microsoft/omnichannel-chat-widget,34
microsoft,D3D9On12,https://github.com/microsoft/D3D9On12,1
microsoft,lisa,https://github.com/microsoft/lisa,0
microsoft,qsharp,https://github.com/microsoft/qsharp,0
microsoft,tyger,https://github.com/microsoft/tyger,0
microsoft,azure-linux-image-tools,https://github.com/microsoft/azure-linux-image-tools,0
microsoft,fabric-user-data-functions-samples,https://github.com/microsoft/fabric-user-data-functions-samples,1
microsoft,kata-containers,https://github.com/microsoft/kata-containers,0
microsoft,griffel,https://github.com/microsoft/griffel,0
microsoft,avml,https://github.com/microsoft/avml,0
microsoft,Nonprofits,https://github.com/microsoft/Nonprofits,0
microsoft,vcpkg-tool,https://github.com/microsoft/vcpkg-tool,0
microsoft,automated-brain-explanations,https://github.com/microsoft/automated-brain-explanations,0
microsoft,BoltzFormer,https://github.com/microsoft/BoltzFormer,0
microsoft,Agents-for-js,https://github.com/microsoft/Agents-for-js,0
microsoft,azure_arc,https://github.com/microsoft/azure_arc,3
microsoft,react-native-gallery,https://github.com/microsoft/react-native-gallery,0
microsoft,vscode-livepreview,https://github.com/microsoft/vscode-livepreview,0
microsoft,UVAtlas,https://github.com/microsoft/UVAtlas,0
microsoft,binskim,https://github.com/microsoft/binskim,4
microsoft,kiota-typescript,https://github.com/microsoft/kiota-typescript,16
microsoft,CSS-SystemCenter,https://github.com/microsoft/CSS-SystemCenter,0
microsoft,macos-cookbook,https://github.com/microsoft/macos-cookbook,0
microsoft,simplechat,https://github.com/microsoft/simplechat,0
microsoft,Windows-universal-samples,https://github.com/microsoft/Windows-universal-samples,1
microsoft,vscode-proxy-agent,https://github.com/microsoft/vscode-proxy-agent,0
microsoft,winget-dsc,https://github.com/microsoft/winget-dsc,0
microsoft,ArchScale,https://github.com/microsoft/ArchScale,1
microsoft,onnxscript,https://github.com/microsoft/onnxscript,0
microsoft,ai-tour-26-zava-diy-dataset-plus-mcp,https://github.com/microsoft/ai-tour-26-zava-diy-dataset-plus-mcp,1
microsoft,kiota-java,https://github.com/microsoft/kiota-java,12
microsoft,clarity,https://github.com/microsoft/clarity,0
microsoft,powerquery-language-services,https://github.com/microsoft/powerquery-language-services,0
microsoft,AzureDevOps-WSJF-Extension,https://github.com/microsoft/AzureDevOps-WSJF-Extension,0
microsoft,typechat.net,https://github.com/microsoft/typechat.net,0
microsoft,linux-package-repositories,https://github.com/microsoft/linux-package-repositories,0
microsoft,Agents-for-python,https://github.com/microsoft/Agents-for-python,0
microsoft,vs-threading,https://github.com/microsoft/vs-threading,0
microsoft,PTVS,https://github.com/microsoft/PTVS,0
microsoft,lets-learn-mcp-java,https://github.com/microsoft/lets-learn-mcp-java,4
microsoft,tale-suite,https://github.com/microsoft/tale-suite,1
microsoft,dromedary,https://github.com/microsoft/dromedary,1
microsoft,olive-recipes,https://github.com/microsoft/olive-recipes,0
microsoft,vscode-azureresourcegroups,https://github.com/microsoft/vscode-azureresourcegroups,0
microsoft,outlook-pst-rs,https://github.com/microsoft/outlook-pst-rs,1
microsoft,cordova-simulate,https://github.com/microsoft/cordova-simulate,0
microsoft,nnscaler,https://github.com/microsoft/nnscaler,0
microsoft,copilot-metrics-dashboard,https://github.com/microsoft/copilot-metrics-dashboard,1
microsoft,healthcare-shared-components,https://github.com/microsoft/healthcare-shared-components,0
microsoft,RecAI,https://github.com/microsoft/RecAI,0
microsoft,ApplicationInspector,https://github.com/microsoft/ApplicationInspector,0
microsoft,AIFluency,https://github.com/microsoft/AIFluency,0
microsoft,Dynamics-365-FastTrack-Implementation-Assets,https://github.com/microsoft/Dynamics-365-FastTrack-Implementation-Assets,0
microsoft,vscode-docker,https://github.com/microsoft/vscode-docker,0
microsoft,codetour,https://github.com/microsoft/codetour,1
microsoft,log_analyzer,https://github.com/microsoft/log_analyzer,0
microsoft,debug-gym,https://github.com/microsoft/debug-gym,0
microsoft,terraform-provider-fabric,https://github.com/microsoft/terraform-provider-fabric,0
microsoft,vscode-copilot-vision,https://github.com/microsoft/vscode-copilot-vision,1
microsoft,vscode-mermAId,https://github.com/microsoft/vscode-mermAId,0
microsoft,powerplatform-actions,https://github.com/microsoft/powerplatform-actions,0
microsoft,PowerApps-TestEngine,https://github.com/microsoft/PowerApps-TestEngine,0
microsoft,PowerApps-Tooling,https://github.com/microsoft/PowerApps-Tooling,0
microsoft,vscode-prompt-tsx,https://github.com/microsoft/vscode-prompt-tsx,0
microsoft,controllable-safety-alignment,https://github.com/microsoft/controllable-safety-alignment,1
microsoft,lora_lab,https://github.com/microsoft/lora_lab,1
microsoft,cyrusj_dotfiles,https://github.com/microsoft/cyrusj_dotfiles,1
microsoft,go-images,https://github.com/microsoft/go-images,0
microsoft,vscode-powerquery-sdk,https://github.com/microsoft/vscode-powerquery-sdk,0
microsoft,fhir-server,https://github.com/microsoft/fhir-server,0
microsoft,lets-learn-mcp-csharp,https://github.com/microsoft/lets-learn-mcp-csharp,0
microsoft,SLG-Business-Applications,https://github.com/microsoft/SLG-Business-Applications,2
microsoft,fabric-terraform-quickstart,https://github.com/microsoft/fabric-terraform-quickstart,0
microsoft,vscode-azurefunctions,https://github.com/microsoft/vscode-azurefunctions,0
microsoft,xbox-live-developer-tools,https://github.com/microsoft/xbox-live-developer-tools,0
microsoft,Trace,https://github.com/microsoft/Trace,0
microsoft,SimpleL7Proxy,https://github.com/microsoft/SimpleL7Proxy,4
microsoft,github-copilot-vibe-coding-workshop,https://github.com/microsoft/github-copilot-vibe-coding-workshop,0
microsoft,MMdnn,https://github.com/microsoft/MMdnn,0
microsoft,sarif-azuredevops-extension,https://github.com/microsoft/sarif-azuredevops-extension,0
microsoft,fabric-cicd,https://github.com/microsoft/fabric-cicd,0
microsoft,sqltoolsservice,https://github.com/microsoft/sqltoolsservice,0
microsoft,electron-gallery,https://github.com/microsoft/electron-gallery,1
microsoft,Oryx,https://github.com/microsoft/Oryx,0
microsoft,VFSForGit,https://github.com/microsoft/VFSForGit,0
microsoft,netperf,https://github.com/microsoft/netperf,0
microsoft,Application-Insights-Workbooks,https://github.com/microsoft/Application-Insights-Workbooks,0
microsoft,msticpy,https://github.com/microsoft/msticpy,0
microsoft,WinDbg-Samples,https://github.com/microsoft/WinDbg-Samples,0
microsoft,GHCP-Lab,https://github.com/microsoft/GHCP-Lab,0
microsoft,SandDance,https://github.com/microsoft/SandDance,0
microsoft,vscode-azurestorage,https://github.com/microsoft/vscode-azurestorage,0
microsoft,open-source-discord,https://github.com/microsoft/open-source-discord,0
microsoft,webnn-developer-preview,https://github.com/microsoft/webnn-developer-preview,5
microsoft,botbuilder-js,https://github.com/microsoft/botbuilder-js,0
microsoft,vscode-cosmosdb,https://github.com/microsoft/vscode-cosmosdb,14
microsoft,ifc,https://github.com/microsoft/ifc,0
microsoft,vstest,https://github.com/microsoft/vstest,0
microsoft,sarif-tools,https://github.com/microsoft/sarif-tools,0
microsoft,confidential-sidecar-containers,https://github.com/microsoft/confidential-sidecar-containers,0
microsoft,vs-solutionpersistence,https://github.com/microsoft/vs-solutionpersistence,0
microsoft,TableLoRA,https://github.com/microsoft/TableLoRA,2
microsoft,service-fabric-services-and-actors-dotnet,https://github.com/microsoft/service-fabric-services-and-actors-dotnet,0
microsoft,Forge,https://github.com/microsoft/Forge,0
microsoft,hcsshim,https://github.com/microsoft/hcsshim,1
microsoft,Microsoft-Fabric-workload-development-sample,https://github.com/microsoft/Microsoft-Fabric-workload-development-sample,2
microsoft,Deploy-Your-AI-Application-In-Production,https://github.com/microsoft/Deploy-Your-AI-Application-In-Production,1
microsoft,mystikos,https://github.com/microsoft/mystikos,0
microsoft,go-sqlcmd,https://github.com/microsoft/go-sqlcmd,0
microsoft,zerotrustassessment,https://github.com/microsoft/zerotrustassessment,1
microsoft,Migrate2GSA,https://github.com/microsoft/Migrate2GSA,8
microsoft,PowerBI-visuals-PowerKPI,https://github.com/microsoft/PowerBI-visuals-PowerKPI,0
microsoft,node-jsonc-parser,https://github.com/microsoft/node-jsonc-parser,0
microsoft,vscode-data-analysis-for-copilot,https://github.com/microsoft/vscode-data-analysis-for-copilot,1
microsoft,graphitation,https://github.com/microsoft/graphitation,0
microsoft,go-crypto-openssl,https://github.com/microsoft/go-crypto-openssl,0
microsoft,gctoolkit,https://github.com/microsoft/gctoolkit,0
microsoft,tfs-cli,https://github.com/microsoft/tfs-cli,0
microsoft,vsts-extension-multivalue-control,https://github.com/microsoft/vsts-extension-multivalue-control,0
microsoft,vsts-open-in-excel,https://github.com/microsoft/vsts-open-in-excel,0
microsoft,wiql-editor,https://github.com/microsoft/wiql-editor,0
microsoft,azure-boards-split,https://github.com/microsoft/azure-boards-split,0
microsoft,vsts-extension-integer-control,https://github.com/microsoft/vsts-extension-integer-control,0
microsoft,superbenchmark,https://github.com/microsoft/superbenchmark,0
microsoft,MSLab,https://github.com/microsoft/MSLab,0
microsoft,confidential-aci-attestation,https://github.com/microsoft/confidential-aci-attestation,0
microsoft,powerplatform-vscode,https://github.com/microsoft/powerplatform-vscode,0
microsoft,art-msra,https://github.com/microsoft/art-msra,0
microsoft,durabletask-go,https://github.com/microsoft/durabletask-go,0
microsoft,pdblister,https://github.com/microsoft/pdblister,1
microsoft,ExeCoder,https://github.com/microsoft/ExeCoder,0
microsoft,farmvibes-ai,https://github.com/microsoft/farmvibes-ai,0
microsoft,DirectX-Headers,https://github.com/microsoft/DirectX-Headers,0
microsoft,sip-ai-workshop,https://github.com/microsoft/sip-ai-workshop,3
microsoft,fabric-sdk-go,https://github.com/microsoft/fabric-sdk-go,0
microsoft,PartnerResources,https://github.com/microsoft/PartnerResources,0
microsoft,ada,https://github.com/microsoft/ada,1
microsoft,vscode-explorer-command,https://github.com/microsoft/vscode-explorer-command,0
microsoft,dayhoff,https://github.com/microsoft/dayhoff,0
microsoft,SqlScriptDOM,https://github.com/microsoft/SqlScriptDOM,0
microsoft,jacdac-dotnet,https://github.com/microsoft/jacdac-dotnet,0
microsoft,vscode-edge-devtools,https://github.com/microsoft/vscode-edge-devtools,0
microsoft,codal-jacdac,https://github.com/microsoft/codal-jacdac,1
microsoft,jacdac-msr-modules,https://github.com/microsoft/jacdac-msr-modules,1
microsoft,react-jacdac,https://github.com/microsoft/react-jacdac,0
microsoft,git,https://github.com/microsoft/git,0
microsoft,jacdac-module-template,https://github.com/microsoft/jacdac-module-template,0
microsoft,vscode-azuretools,https://github.com/microsoft/vscode-azuretools,0
microsoft,jacdac-padauk,https://github.com/microsoft/jacdac-padauk,1
microsoft,jacdac-stm32x0,https://github.com/microsoft/jacdac-stm32x0,1
microsoft,jacdac-ddk,https://github.com/microsoft/jacdac-ddk,1
microsoft,jacdac-cli,https://github.com/microsoft/jacdac-cli,0
microsoft,jacdac-c,https://github.com/microsoft/jacdac-c,1
microsoft,jacdac-ts,https://github.com/microsoft/jacdac-ts,0
microsoft,jacdac,https://github.com/microsoft/jacdac,0
microsoft,azure-devops-node-api,https://github.com/microsoft/azure-devops-node-api,0
microsoft,argos,https://github.com/microsoft/argos,0
microsoft,TF-Codec,https://github.com/microsoft/TF-Codec,0
microsoft,gov-datamodels,https://github.com/microsoft/gov-datamodels,0
microsoft,vscode-mock-debug,https://github.com/microsoft/vscode-mock-debug,2
microsoft,essex-toolkit,https://github.com/microsoft/essex-toolkit,0
microsoft,FluidExamples,https://github.com/microsoft/FluidExamples,0
microsoft,ApplicationInsights-Kubernetes,https://github.com/microsoft/ApplicationInsights-Kubernetes,1
microsoft,FluidHelloWorld,https://github.com/microsoft/FluidHelloWorld,0
microsoft,OSPO,https://github.com/microsoft/OSPO,3
microsoft,azureml-inference-server,https://github.com/microsoft/azureml-inference-server,6
microsoft,planetary-computer-apis,https://github.com/microsoft/planetary-computer-apis,0
microsoft,powerbi-client-react,https://github.com/microsoft/powerbi-client-react,0
microsoft,minecraft-samples,https://github.com/microsoft/minecraft-samples,2
microsoft,omnichannel-chat-sdk,https://github.com/microsoft/omnichannel-chat-sdk,13
microsoft,MAPIStubLibrary,https://github.com/microsoft/MAPIStubLibrary,9
microsoft,azure-devops-extension-tasks,https://github.com/microsoft/azure-devops-extension-tasks,0
microsoft,LLM-Fine-Tuning-Azure,https://github.com/microsoft/LLM-Fine-Tuning-Azure,4
microsoft,m365advocacy-templates,https://github.com/microsoft/m365advocacy-templates,0
microsoft,alguidelines,https://github.com/microsoft/alguidelines,4
microsoft,LLaVA-Rad,https://github.com/microsoft/LLaVA-Rad,0
microsoft,node-api-dotnet,https://github.com/microsoft/node-api-dotnet,0
microsoft,vscode-extension-telemetry,https://github.com/microsoft/vscode-extension-telemetry,0
microsoft,WhatTheHack,https://github.com/microsoft/WhatTheHack,0
microsoft,AdaptiveCards,https://github.com/microsoft/AdaptiveCards,0
microsoft,SharePoint-Embedded-Samples,https://github.com/microsoft/SharePoint-Embedded-Samples,1
microsoft,azure-pipelines-tool-lib,https://github.com/microsoft/azure-pipelines-tool-lib,0
microsoft,lst-bench,https://github.com/microsoft/lst-bench,0
microsoft,build-server-for-gradle,https://github.com/microsoft/build-server-for-gradle,0
microsoft,durabletask-java,https://github.com/microsoft/durabletask-java,0
microsoft,fluentui-android,https://github.com/microsoft/fluentui-android,0
microsoft,vscode-java-test,https://github.com/microsoft/vscode-java-test,0
microsoft,azure-maven-plugins,https://github.com/microsoft/azure-maven-plugins,0
microsoft,azure-tools-for-java,https://github.com/microsoft/azure-tools-for-java,0
microsoft,ApplicationInsights-Java,https://github.com/microsoft/ApplicationInsights-Java,0
microsoft,azure-devops-extension-api,https://github.com/microsoft/azure-devops-extension-api,0
microsoft,Mu-Protein,https://github.com/microsoft/Mu-Protein,1
microsoft,ograg2,https://github.com/microsoft/ograg2,0
microsoft,profile-explorer,https://github.com/microsoft/profile-explorer,1
microsoft,DirectXTex,https://github.com/microsoft/DirectXTex,0
microsoft,FHIR-Converter,https://github.com/microsoft/FHIR-Converter,0
microsoft,ALAppExtensions,https://github.com/microsoft/ALAppExtensions,0
microsoft,vscode-bisect,https://github.com/microsoft/vscode-bisect,0
microsoft,vscode-tools-for-ai,https://github.com/microsoft/vscode-tools-for-ai,0
microsoft,durabletask-dotnet,https://github.com/microsoft/durabletask-dotnet,0
microsoft,vscode-documentdb,https://github.com/microsoft/vscode-documentdb,16
microsoft,openjdk-jdk21u,https://github.com/microsoft/openjdk-jdk21u,0
microsoft,openjdk-jdk17u,https://github.com/microsoft/openjdk-jdk17u,0
microsoft,geo-vision-labeler,https://github.com/microsoft/geo-vision-labeler,0
microsoft,winget-pkgs-automation-staging,https://github.com/microsoft/winget-pkgs-automation-staging,0
microsoft,CollabLLM,https://github.com/microsoft/CollabLLM,1
microsoft,FEA-Bench,https://github.com/microsoft/FEA-Bench,1
microsoft,vscode-gradle,https://github.com/microsoft/vscode-gradle,0
microsoft,GUI-Agent-RL,https://github.com/microsoft/GUI-Agent-RL,0
microsoft,ApplicationInsights-JS,https://github.com/microsoft/ApplicationInsights-JS,0
microsoft,ApplicationInsights-node.js,https://github.com/microsoft/ApplicationInsights-node.js,0
microsoft,cognitive-services-speech-sdk-js,https://github.com/microsoft/cognitive-services-speech-sdk-js,0
microsoft,finops-toolkit,https://github.com/microsoft/finops-toolkit,0
microsoft,winget-create,https://github.com/microsoft/winget-create,0
microsoft,CADFusion,https://github.com/microsoft/CADFusion,0
microsoft,dev-tunnels-ssh,https://github.com/microsoft/dev-tunnels-ssh,0
microsoft,vscode-wasm,https://github.com/microsoft/vscode-wasm,1
microsoft,cpp_client_telemetry,https://github.com/microsoft/cpp_client_telemetry,0
microsoft,EntraSuite-Training,https://github.com/microsoft/EntraSuite-Training,2
microsoft,fabric-rest-api-specs,https://github.com/microsoft/fabric-rest-api-specs,0
microsoft,dotnet-framework-docker,https://github.com/microsoft/dotnet-framework-docker,1
microsoft,wil,https://github.com/microsoft/wil,0
microsoft,libHttpClient,https://github.com/microsoft/libHttpClient,0
microsoft,verified-storage,https://github.com/microsoft/verified-storage,3
microsoft,kiota-bundle-go,https://github.com/microsoft/kiota-bundle-go,1
microsoft,kiota-http-go,https://github.com/microsoft/kiota-http-go,1
microsoft,shell-intune-samples,https://github.com/microsoft/shell-intune-samples,0
microsoft,SymCrypt-OpenSSL,https://github.com/microsoft/SymCrypt-OpenSSL,0
microsoft,Vipr,https://github.com/microsoft/Vipr,0
microsoft,powercat,https://github.com/microsoft/powercat,0
microsoft,SWE-bench-Live,https://github.com/microsoft/SWE-bench-Live,0
microsoft,powerquery-formatter,https://github.com/microsoft/powerquery-formatter,0
microsoft,ProtocolTestFramework,https://github.com/microsoft/ProtocolTestFramework,1
microsoft,WindowsProtocolTestSuites,https://github.com/microsoft/WindowsProtocolTestSuites,2
microsoft,powerquery-parser,https://github.com/microsoft/powerquery-parser,0
microsoft,FabricBQSync,https://github.com/microsoft/FabricBQSync,2
microsoft,terraform-provider-power-platform,https://github.com/microsoft/terraform-provider-power-platform,0
microsoft,typespec-mcp,https://github.com/microsoft/typespec-mcp,0
microsoft,DefinitelyTyped-tools,https://github.com/microsoft/DefinitelyTyped-tools,0
microsoft,TypeScript-Make-Monaco-Builds,https://github.com/microsoft/TypeScript-Make-Monaco-Builds,0
microsoft,GDK,https://github.com/microsoft/GDK,0
microsoft,vscode-test-cli,https://github.com/microsoft/vscode-test-cli,0
microsoft,kiota-serialization-json-ruby,https://github.com/microsoft/kiota-serialization-json-ruby,1
microsoft,security-devops-azdevops,https://github.com/microsoft/security-devops-azdevops,1
microsoft,kiota-abstractions-go,https://github.com/microsoft/kiota-abstractions-go,1
microsoft,kiota-authentication-azure-go,https://github.com/microsoft/kiota-authentication-azure-go,2
microsoft,kiota-serialization-form-go,https://github.com/microsoft/kiota-serialization-form-go,2
microsoft,codeql,https://github.com/microsoft/codeql,31
microsoft,kiota-serialization-json-go,https://github.com/microsoft/kiota-serialization-json-go,1
microsoft,kiota-serialization-multipart-go,https://github.com/microsoft/kiota-serialization-multipart-go,2
microsoft,kiota-serialization-text-go,https://github.com/microsoft/kiota-serialization-text-go,2
microsoft,TechExcel-Designing-your-own-copilot-using-copilot-studio,https://github.com/microsoft/TechExcel-Designing-your-own-copilot-using-copilot-studio,0
microsoft,windows-container-tools,https://github.com/microsoft/windows-container-tools,0
microsoft,go-crypto-darwin,https://github.com/microsoft/go-crypto-darwin,0
microsoft,vs-validation,https://github.com/microsoft/vs-validation,6
microsoft,vs-servicehub,https://github.com/microsoft/vs-servicehub,8
microsoft,go-infra-images,https://github.com/microsoft/go-infra-images,0
microsoft,kiota-python,https://github.com/microsoft/kiota-python,1
microsoft,kiota-dart,https://github.com/microsoft/kiota-dart,5
microsoft,kiota-dotnet,https://github.com/microsoft/kiota-dotnet,1
microsoft,ProbTS,https://github.com/microsoft/ProbTS,0
microsoft,backfill,https://github.com/microsoft/backfill,0
microsoft,Dynamics-365-FastTrack-FSCM-Telemetry-Samples,https://github.com/microsoft/Dynamics-365-FastTrack-FSCM-Telemetry-Samples,0
microsoft,busiotools,https://github.com/microsoft/busiotools,0
microsoft,nova-facade,https://github.com/microsoft/nova-facade,0
microsoft,vscode-makefile-tools,https://github.com/microsoft/vscode-makefile-tools,0
microsoft,eureka-ml-insights,https://github.com/microsoft/eureka-ml-insights,0
microsoft,vscode-cordova,https://github.com/microsoft/vscode-cordova,0
microsoft,vscode-l10n,https://github.com/microsoft/vscode-l10n,0
microsoft,openjdk-jdk11u,https://github.com/microsoft/openjdk-jdk11u,0
microsoft,powerplatform-build-tools,https://github.com/microsoft/powerplatform-build-tools,0
microsoft,typescript-benchmarking,https://github.com/microsoft/typescript-benchmarking,0
microsoft,dusseldorf,https://github.com/microsoft/dusseldorf,4
microsoft,DxCapsViewer,https://github.com/microsoft/DxCapsViewer,0
microsoft,vscode-app-mod-pack,https://github.com/microsoft/vscode-app-mod-pack,0
microsoft,teams.ts,https://github.com/microsoft/teams.ts,0
microsoft,FeatureManagement-JavaScript,https://github.com/microsoft/FeatureManagement-JavaScript,0
microsoft,devfactory,https://github.com/microsoft/devfactory,2
microsoft,OpenAIWorkshop,https://github.com/microsoft/OpenAIWorkshop,10
microsoft,vscode-spring-boot-dashboard,https://github.com/microsoft/vscode-spring-boot-dashboard,0
microsoft,vscode-powerquery,https://github.com/microsoft/vscode-powerquery,0
microsoft,vscode-css-languageservice,https://github.com/microsoft/vscode-css-languageservice,0
microsoft,mwkorea,https://github.com/microsoft/mwkorea,0
microsoft,FX11,https://github.com/microsoft/FX11,0
microsoft,rats,https://github.com/microsoft/rats,0
microsoft,mcs-labs,https://github.com/microsoft/mcs-labs,2
microsoft,openjdk-docker,https://github.com/microsoft/openjdk-docker,0
microsoft,usersim,https://github.com/microsoft/usersim,0
microsoft,OpenApi.ApiManifest,https://github.com/microsoft/OpenApi.ApiManifest,1
microsoft,Power-Fx-Dataverse,https://github.com/microsoft/Power-Fx-Dataverse,0
microsoft,artifacts-keyring,https://github.com/microsoft/artifacts-keyring,0
microsoft,rust_debugger_test,https://github.com/microsoft/rust_debugger_test,0
microsoft,TypeScript-repos-automation,https://github.com/microsoft/TypeScript-repos-automation,0
microsoft,Data-AI-Design-SMB,https://github.com/microsoft/Data-AI-Design-SMB,0
microsoft,teams.net,https://github.com/microsoft/teams.net,0
microsoft,typescript-bot-test-triggerer,https://github.com/microsoft/typescript-bot-test-triggerer,0
microsoft,mpss,https://github.com/microsoft/mpss,2
microsoft,Kerberos-Crypto,https://github.com/microsoft/Kerberos-Crypto,1
microsoft,injectorppforrust,https://github.com/microsoft/injectorppforrust,0
microsoft,signature-marking-detector,https://github.com/microsoft/signature-marking-detector,0
microsoft,ContactCenterMessagingSDK-ios,https://github.com/microsoft/ContactCenterMessagingSDK-ios,3
microsoft,quicreach,https://github.com/microsoft/quicreach,0
microsoft,vs-renovate-presets,https://github.com/microsoft/vs-renovate-presets,0
microsoft,accessibility-insights-service,https://github.com/microsoft/accessibility-insights-service,0
microsoft,ntosebpfext,https://github.com/microsoft/ntosebpfext,0
microsoft,Windows365-PSScripts,https://github.com/microsoft/Windows365-PSScripts,0
microsoft,service-fabric-explorer,https://github.com/microsoft/service-fabric-explorer,0
microsoft,vs-extension-testing,https://github.com/microsoft/vs-extension-testing,2
microsoft,Azure-Analytics-and-AI-Engagement,https://github.com/microsoft/Azure-Analytics-and-AI-Engagement,1
microsoft,Build25-LAB329,https://github.com/microsoft/Build25-LAB329,0
microsoft,multimodal-ai,https://github.com/microsoft/multimodal-ai,0
microsoft,hlsl-specs,https://github.com/microsoft/hlsl-specs,0
microsoft,elem2design,https://github.com/microsoft/elem2design,1
microsoft,teams-ai,https://github.com/microsoft/teams-ai,0
microsoft,dbt-fabricspark,https://github.com/microsoft/dbt-fabricspark,0
microsoft,Agents-M365Copilot,https://github.com/microsoft/Agents-M365Copilot,5
microsoft,vscode-notebook-renderers,https://github.com/microsoft/vscode-notebook-renderers,0
microsoft,accessibility-insights-action,https://github.com/microsoft/accessibility-insights-action,0
microsoft,beachball,https://github.com/microsoft/beachball,0
microsoft,agdebugger,https://github.com/microsoft/agdebugger,0
microsoft,azurekorea,https://github.com/microsoft/azurekorea,21
microsoft,dbt-fabric,https://github.com/microsoft/dbt-fabric,0
microsoft,vs-ng-language-service,https://github.com/microsoft/vs-ng-language-service,2
microsoft,vscode-websearchforcopilot,https://github.com/microsoft/vscode-websearchforcopilot,0
microsoft,minecraft-scripting-samples,https://github.com/microsoft/minecraft-scripting-samples,0
microsoft,RecursiveExtractor,https://github.com/microsoft/RecursiveExtractor,0
microsoft,o365-moodle,https://github.com/microsoft/o365-moodle,0
microsoft,highlight-summarize,https://github.com/microsoft/highlight-summarize,0
microsoft,presidio-research,https://github.com/microsoft/presidio-research,0
microsoft,MicrosoftEdge-Extensions,https://github.com/microsoft/MicrosoftEdge-Extensions,0
microsoft,llm-steer-instruct,https://github.com/microsoft/llm-steer-instruct,0
microsoft,Windows-rust-driver-samples,https://github.com/microsoft/Windows-rust-driver-samples,0
microsoft,azure-devops-rust-api,https://github.com/microsoft/azure-devops-rust-api,0
microsoft,dstoolkit-devcontainers,https://github.com/microsoft/dstoolkit-devcontainers,0
microsoft,PSRule-vscode,https://github.com/microsoft/PSRule-vscode,0
microsoft,PSRule.Monitor,https://github.com/microsoft/PSRule.Monitor,0
microsoft,confidential-container-demos,https://github.com/microsoft/confidential-container-demos,0
microsoft,asconnect,https://github.com/microsoft/asconnect,6
microsoft,Dynamics365Commerce.ScaleUnit,https://github.com/microsoft/Dynamics365Commerce.ScaleUnit,0
microsoft,pxt-arcade,https://github.com/microsoft/pxt-arcade,0
microsoft,sfs-client,https://github.com/microsoft/sfs-client,0
microsoft,security-devops-azdevops-task-lib,https://github.com/microsoft/security-devops-azdevops-task-lib,1
microsoft,moc,https://github.com/microsoft/moc,0
microsoft,TypeScript-wiki,https://github.com/microsoft/TypeScript-wiki,0
microsoft,opensource-management-portal,https://github.com/microsoft/opensource-management-portal,0
microsoft,vsts-extension-retrospectives,https://github.com/microsoft/vsts-extension-retrospectives,0
microsoft,Docker-Provider,https://github.com/microsoft/Docker-Provider,0
microsoft,Adversarial-Chatter,https://github.com/microsoft/Adversarial-Chatter,1
microsoft,dbt-synapse,https://github.com/microsoft/dbt-synapse,0
microsoft,lage,https://github.com/microsoft/lage,0
microsoft,sarif-vscode-extension,https://github.com/microsoft/sarif-vscode-extension,0
microsoft,Teams-AdaptiveCards-Mobile,https://github.com/microsoft/Teams-AdaptiveCards-Mobile,16
microsoft,DacFx,https://github.com/microsoft/DacFx,0
microsoft,durabletask-protobuf,https://github.com/microsoft/durabletask-protobuf,0
microsoft,Windows-Driver-Developer-Supplemental-Tools,https://github.com/microsoft/Windows-Driver-Developer-Supplemental-Tools,6
microsoft,vs-mef,https://github.com/microsoft/vs-mef,6
microsoft,SqlNexus,https://github.com/microsoft/SqlNexus,0
microsoft,UTCM-ControlPanel,https://github.com/microsoft/UTCM-ControlPanel,0
microsoft,purview,https://github.com/microsoft/purview,0
microsoft,OpenAPI.NET.OData,https://github.com/microsoft/OpenAPI.NET.OData,0
microsoft,terraform-provider-azuredevops,https://github.com/microsoft/terraform-provider-azuredevops,3
microsoft,AzureTRE-Deployment,https://github.com/microsoft/AzureTRE-Deployment,0
microsoft,VoluMe,https://github.com/microsoft/VoluMe,0
microsoft,python-type-stubs,https://github.com/microsoft/python-type-stubs,0
microsoft,azurelinux-tutorials,https://github.com/microsoft/azurelinux-tutorials,0
microsoft,ai-foundry-for-vscode,https://github.com/microsoft/ai-foundry-for-vscode,0
microsoft,oneqmc,https://github.com/microsoft/oneqmc,0
microsoft,just,https://github.com/microsoft/just,0
microsoft,vscode-markdown-tm-grammar,https://github.com/microsoft/vscode-markdown-tm-grammar,7
microsoft,Windows-Containers,https://github.com/microsoft/Windows-Containers,0
microsoft,omnichannel-amsclient,https://github.com/microsoft/omnichannel-amsclient,1
microsoft,kalypso,https://github.com/microsoft/kalypso,10
microsoft,unity-asset-graph-rs,https://github.com/microsoft/unity-asset-graph-rs,1
microsoft,service-fabric-healer,https://github.com/microsoft/service-fabric-healer,0
microsoft,vscode-azureappservice,https://github.com/microsoft/vscode-azureappservice,0
microsoft,vscode-azurevirtualmachines,https://github.com/microsoft/vscode-azurevirtualmachines,0
microsoft,vscode-azurecontainerapps,https://github.com/microsoft/vscode-azurecontainerapps,0
microsoft,PSRule-pipelines,https://github.com/microsoft/PSRule-pipelines,0
microsoft,Omex,https://github.com/microsoft/Omex,0
microsoft,wpa,https://github.com/microsoft/wpa,4
microsoft,YOLaT-VectorGraphicsRecognition,https://github.com/microsoft/YOLaT-VectorGraphicsRecognition,0
microsoft,amlFilesystem-lustre,https://github.com/microsoft/amlFilesystem-lustre,0
microsoft,SPTAG,https://github.com/microsoft/SPTAG,0
microsoft,data-factory-testing-framework,https://github.com/microsoft/data-factory-testing-framework,0
microsoft,woodgrove-groceries,https://github.com/microsoft/woodgrove-groceries,0
microsoft,homebrew-foundrylocal,https://github.com/microsoft/homebrew-foundrylocal,0
microsoft,hands-on-lab-azure-managed-redis,https://github.com/microsoft/hands-on-lab-azure-managed-redis,0
microsoft,react-dag-editor,https://github.com/microsoft/react-dag-editor,0
microsoft,codecoverage,https://github.com/microsoft/codecoverage,0
microsoft,BCTech,https://github.com/microsoft/BCTech,0
microsoft,mttl,https://github.com/microsoft/mttl,0
microsoft,windows-container-networking,https://github.com/microsoft/windows-container-networking,0
microsoft,hermes-windows,https://github.com/microsoft/hermes-windows,0
microsoft,power-pages-samples,https://github.com/microsoft/power-pages-samples,0
microsoft,adaptive_cloud_community,https://github.com/microsoft/adaptive_cloud_community,1
microsoft,Skeena-Indigenous-Typeface,https://github.com/microsoft/Skeena-Indigenous-Typeface,0
microsoft,msstore-cli,https://github.com/microsoft/msstore-cli,1
microsoft,FastTrack,https://github.com/microsoft/FastTrack,0
microsoft,jailbreak-distillation,https://github.com/microsoft/jailbreak-distillation,0
microsoft,vscode-remote-wsl-recommender,https://github.com/microsoft/vscode-remote-wsl-recommender,1
microsoft,fhir-loader,https://github.com/microsoft/fhir-loader,0
microsoft,custom-monaco-copilot-demo,https://github.com/microsoft/custom-monaco-copilot-demo,0
microsoft,anomaly-detector,https://github.com/microsoft/anomaly-detector,3
microsoft,vscode-node-azure-pack,https://github.com/microsoft/vscode-node-azure-pack,0
microsoft,pxt-mkc,https://github.com/microsoft/pxt-mkc,0
microsoft,documentdb-kubernetes-operator,https://github.com/microsoft/documentdb-kubernetes-operator,0
microsoft,mu_feature_ffa,https://github.com/microsoft/mu_feature_ffa,0
microsoft,DecodingSuperUsage,https://github.com/microsoft/DecodingSuperUsage,0
microsoft,AI-Pex-for-SDC,https://github.com/microsoft/AI-Pex-for-SDC,0
microsoft,Analysis-Services,https://github.com/microsoft/Analysis-Services,0
microsoft,Test_Awareness_Steering,https://github.com/microsoft/Test_Awareness_Steering,0
microsoft,simple_ado,https://github.com/microsoft/simple_ado,0
microsoft,ifc-spec,https://github.com/microsoft/ifc-spec,0
microsoft,vscode-test-web,https://github.com/microsoft/vscode-test-web,0
microsoft,google-play-vsts-extension,https://github.com/microsoft/google-play-vsts-extension,0
microsoft,jbpf,https://github.com/microsoft/jbpf,0
microsoft,DXUT,https://github.com/microsoft/DXUT,0
microsoft,D3D11On12,https://github.com/microsoft/D3D11On12,0
microsoft,aad_b2c_webview,https://github.com/microsoft/aad_b2c_webview,1
microsoft,CoseSignTool,https://github.com/microsoft/CoseSignTool,3
microsoft,openjdk-adoptium-marketplace-data,https://github.com/microsoft/openjdk-adoptium-marketplace-data,1
microsoft,arc-switch,https://github.com/microsoft/arc-switch,0
microsoft,github-scaled-agent-mode-webinar,https://github.com/microsoft/github-scaled-agent-mode-webinar,0
microsoft,NetPerfTest,https://github.com/microsoft/NetPerfTest,0
microsoft,vscode-docker-extensibility,https://github.com/microsoft/vscode-docker-extensibility,0
microsoft,ccfdns,https://github.com/microsoft/ccfdns,0
microsoft,viva-insights-sample-code,https://github.com/microsoft/viva-insights-sample-code,0
microsoft,vscode-cpptools-api,https://github.com/microsoft/vscode-cpptools-api,0
microsoft,vscode-azureapicenter,https://github.com/microsoft/vscode-azureapicenter,1
microsoft,botframework-webchat-adapter-azure-communication-chat,https://github.com/microsoft/botframework-webchat-adapter-azure-communication-chat,6
microsoft,security-utilities,https://github.com/microsoft/security-utilities,0
microsoft,adme-samples,https://github.com/microsoft/adme-samples,2
microsoft,BotFunctionalTestingService,https://github.com/microsoft/BotFunctionalTestingService,0
microsoft,ReverseDSC,https://github.com/microsoft/ReverseDSC,0
microsoft,TablePilot,https://github.com/microsoft/TablePilot,1
microsoft,HealthBotContainerSample,https://github.com/microsoft/HealthBotContainerSample,0
microsoft,PR-Metrics,https://github.com/microsoft/PR-Metrics,0
microsoft,ApplicationInsights-dotnet,https://github.com/microsoft/ApplicationInsights-dotnet,0
microsoft,lamar-benchmark,https://github.com/microsoft/lamar-benchmark,0
microsoft,vscode-custom-data,https://github.com/microsoft/vscode-custom-data,0
microsoft,PowerBI-visuals-ChicletSlicer,https://github.com/microsoft/PowerBI-visuals-ChicletSlicer,0
microsoft,app-store-vsts-extension,https://github.com/microsoft/app-store-vsts-extension,0
microsoft,preflate-rs,https://github.com/microsoft/preflate-rs,0
microsoft,prose,https://github.com/microsoft/prose,0
microsoft,ChatIntelligence,https://github.com/microsoft/ChatIntelligence,0
microsoft,Test-NetHLK,https://github.com/microsoft/Test-NetHLK,0
microsoft,dynamics-365-contact-center,https://github.com/microsoft/dynamics-365-contact-center,0
microsoft,WindowsCloudAcademy,https://github.com/microsoft/WindowsCloudAcademy,0
microsoft,python-environment-tools,https://github.com/microsoft/python-environment-tools,0
microsoft,AzureAISpeechToolKit,https://github.com/microsoft/AzureAISpeechToolKit,0
microsoft,vscode-serial-monitor,https://github.com/microsoft/vscode-serial-monitor,1
microsoft,vscode-cmake-tools-api,https://github.com/microsoft/vscode-cmake-tools-api,2
microsoft,ACV,https://github.com/microsoft/ACV,0
microsoft,vscode-perf,https://github.com/microsoft/vscode-perf,0
microsoft,vscode-chat-extension-utils,https://github.com/microsoft/vscode-chat-extension-utils,0
microsoft,ai-sentry,https://github.com/microsoft/ai-sentry,1
microsoft,vsm-bot-testing,https://github.com/microsoft/vsm-bot-testing,0
microsoft,Dynamics365Commerce.Solutions,https://github.com/microsoft/Dynamics365Commerce.Solutions,0
microsoft,p4vfs,https://github.com/microsoft/p4vfs,0
microsoft,AOCoptimizer.jl,https://github.com/microsoft/AOCoptimizer.jl,0
microsoft,nanovppo,https://github.com/microsoft/nanovppo,0
microsoft,vscode-markdown-languageservice,https://github.com/microsoft/vscode-markdown-languageservice,0
microsoft,bobsql,https://github.com/microsoft/bobsql,0
microsoft,Yatesbury,https://github.com/microsoft/Yatesbury,0
microsoft,glTF-SDK,https://github.com/microsoft/glTF-SDK,0
microsoft,eventtracing-processing-samples,https://github.com/microsoft/eventtracing-processing-samples,0
microsoft,assent-app,https://github.com/microsoft/assent-app,2
microsoft,msfs-avionics-mirror,https://github.com/microsoft/msfs-avionics-mirror,0
microsoft,windows-dev-center-vsts-extension,https://github.com/microsoft/windows-dev-center-vsts-extension,0
microsoft,InteractiveTextGeneration,https://github.com/microsoft/InteractiveTextGeneration,0
microsoft,datamations,https://github.com/microsoft/datamations,0
microsoft,best-route-llm,https://github.com/microsoft/best-route-llm,0
microsoft,jrtc-apps,https://github.com/microsoft/jrtc-apps,7
microsoft,DurableFunctionsMonitor,https://github.com/microsoft/DurableFunctionsMonitor,0
microsoft,pbiworkshops,https://github.com/microsoft/pbiworkshops,0
microsoft,PowerBI-visuals-AsterPlot,https://github.com/microsoft/PowerBI-visuals-AsterPlot,0
microsoft,woodgrove-groceries-light,https://github.com/microsoft/woodgrove-groceries-light,0
microsoft,axe-windows,https://github.com/microsoft/axe-windows,0
microsoft,FeatureManagement-Go,https://github.com/microsoft/FeatureManagement-Go,2
microsoft,GlobalSecureAccess,https://github.com/microsoft/GlobalSecureAccess,1
microsoft,FabricRTIWorkshop,https://github.com/microsoft/FabricRTIWorkshop,0
microsoft,rego-cpp,https://github.com/microsoft/rego-cpp,0
microsoft,axe-pipelines-samples,https://github.com/microsoft/axe-pipelines-samples,0
microsoft,DynamicTelemetry,https://github.com/microsoft/DynamicTelemetry,0
microsoft,Validation-OS,https://github.com/microsoft/Validation-OS,1
microsoft,semantic-link-functions,https://github.com/microsoft/semantic-link-functions,0
microsoft,PlanetaryComputerDataCatalog,https://github.com/microsoft/PlanetaryComputerDataCatalog,0
microsoft,LinuxBrokerForAVDAccess,https://github.com/microsoft/LinuxBrokerForAVDAccess,2
microsoft,cheriot-ibex,https://github.com/microsoft/cheriot-ibex,0
microsoft,vscode-dwarf-debugging-ext,https://github.com/microsoft/vscode-dwarf-debugging-ext,1
microsoft,vscode-dwarf-debugging,https://github.com/microsoft/vscode-dwarf-debugging,1
microsoft,vscode-python-tools-extension-template,https://github.com/microsoft/vscode-python-tools-extension-template,0
microsoft,dicom-server,https://github.com/microsoft/dicom-server,0
microsoft,Build25-BRK117,https://github.com/microsoft/Build25-BRK117,0
microsoft,virtualnodesOnAzureContainerInstances,https://github.com/microsoft/virtualnodesOnAzureContainerInstances,0
microsoft,Build25-BRK122,https://github.com/microsoft/Build25-BRK122,0
microsoft,msrgamut,https://github.com/microsoft/msrgamut,1
microsoft,vscode-tree-sitter-wasm,https://github.com/microsoft/vscode-tree-sitter-wasm,0
microsoft,OAT,https://github.com/microsoft/OAT,0
microsoft,Dual-write-automations,https://github.com/microsoft/Dual-write-automations,1
microsoft,pxt-calliope,https://github.com/microsoft/pxt-calliope,0
microsoft,SynTrail,https://github.com/microsoft/SynTrail,0
microsoft,fhir-codegen,https://github.com/microsoft/fhir-codegen,0
microsoft,OSSGadget,https://github.com/microsoft/OSSGadget,0
microsoft,pipelines-appservice-lib,https://github.com/microsoft/pipelines-appservice-lib,0
microsoft,powerbi-visuals-sunburst,https://github.com/microsoft/powerbi-visuals-sunburst,0
microsoft,vscode-jupyter-hub,https://github.com/microsoft/vscode-jupyter-hub,0
microsoft,vscode-gather,https://github.com/microsoft/vscode-gather,3
microsoft,sarif-pattern-matcher,https://github.com/microsoft/sarif-pattern-matcher,0
microsoft,jcd,https://github.com/microsoft/jcd,5
microsoft,OHCL-Linux-Kernel,https://github.com/microsoft/OHCL-Linux-Kernel,0
microsoft,vscode-automated-sanity-checker,https://github.com/microsoft/vscode-automated-sanity-checker,1
microsoft,vscode-tensorboard,https://github.com/microsoft/vscode-tensorboard,0
microsoft,durabletask-netherite,https://github.com/microsoft/durabletask-netherite,1
microsoft,sql-server-language-extensions,https://github.com/microsoft/sql-server-language-extensions,0
microsoft,nodejstools,https://github.com/microsoft/nodejstools,0
microsoft,winforms-designer-extensibility,https://github.com/microsoft/winforms-designer-extensibility,0
microsoft,wina,https://github.com/microsoft/wina,0
microsoft,attested-ohttp-server,https://github.com/microsoft/attested-ohttp-server,1
microsoft,multifield-adaptive-retrieval,https://github.com/microsoft/multifield-adaptive-retrieval,0
microsoft,playwright-testing-service,https://github.com/microsoft/playwright-testing-service,0
microsoft,Surface_BMRTools,https://github.com/microsoft/Surface_BMRTools,0
microsoft,Game-Control-Puzzle-Event-Administration-Tools,https://github.com/microsoft/Game-Control-Puzzle-Event-Administration-Tools,0
microsoft,sarif-sdk,https://github.com/microsoft/sarif-sdk,0
microsoft,pxt-common-packages,https://github.com/microsoft/pxt-common-packages,0
microsoft,webauthntest,https://github.com/microsoft/webauthntest,0
microsoft,PurviewDataMapMetadata,https://github.com/microsoft/PurviewDataMapMetadata,0
microsoft,live-share-sdk,https://github.com/microsoft/live-share-sdk,0
microsoft,project-furly,https://github.com/microsoft/project-furly,0
microsoft,finnts,https://github.com/microsoft/finnts,0
microsoft,AgentsClientSDK.Android,https://github.com/microsoft/AgentsClientSDK.Android,0
microsoft,mu_feature_mm_supv,https://github.com/microsoft/mu_feature_mm_supv,0
microsoft,vscode-markdown-languageserver,https://github.com/microsoft/vscode-markdown-languageserver,1
microsoft,winget-pkgs-submission-test,https://github.com/microsoft/winget-pkgs-submission-test,0
microsoft,AL-Go-AppSource,https://github.com/microsoft/AL-Go-AppSource,0
microsoft,prose-benchmarks,https://github.com/microsoft/prose-benchmarks,1
microsoft,aoai-logging-with-apim,https://github.com/microsoft/aoai-logging-with-apim,0
microsoft,MSBuildPrediction,https://github.com/microsoft/MSBuildPrediction,0
microsoft,entra-apps-identifier-uri-protection,https://github.com/microsoft/entra-apps-identifier-uri-protection,1
microsoft,go-crypto-winnative,https://github.com/microsoft/go-crypto-winnative,1
microsoft,bbs-node-reference,https://github.com/microsoft/bbs-node-reference,1
microsoft,vivainsights,https://github.com/microsoft/vivainsights,2
microsoft,CodeWith-Installment-Advisor,https://github.com/microsoft/CodeWith-Installment-Advisor,3
microsoft,Microsoft-Purview-Advanced-Rich-Reports-MPARR-Collector,https://github.com/microsoft/Microsoft-Purview-Advanced-Rich-Reports-MPARR-Collector,1
microsoft,autorl-research,https://github.com/microsoft/autorl-research,0
microsoft,WindowsHelloFaceTraceLog,https://github.com/microsoft/WindowsHelloFaceTraceLog,0
microsoft,vscode-apimanagement,https://github.com/microsoft/vscode-apimanagement,1
microsoft,Build25-BRK233,https://github.com/microsoft/Build25-BRK233,0
microsoft,Build25-Developer-Actions,https://github.com/microsoft/Build25-Developer-Actions,0
microsoft,vssdktestfx,https://github.com/microsoft/vssdktestfx,3
microsoft,Tyche,https://github.com/microsoft/Tyche,3
microsoft,context-window,https://github.com/microsoft/context-window,2
microsoft,supply-chain-linters,https://github.com/microsoft/supply-chain-linters,0
microsoft,nav-arm-templates,https://github.com/microsoft/nav-arm-templates,0
microsoft,applicationinsights-angularplugin-js,https://github.com/microsoft/applicationinsights-angularplugin-js,0
microsoft,powerbi-visuals-sankey,https://github.com/microsoft/powerbi-visuals-sankey,0
microsoft,dstoolkit-data-rafting-kit,https://github.com/microsoft/dstoolkit-data-rafting-kit,0
microsoft,applicationinsights-react-native,https://github.com/microsoft/applicationinsights-react-native,0
microsoft,ardiffact,https://github.com/microsoft/ardiffact,1
microsoft,iot-cardboard-js,https://github.com/microsoft/iot-cardboard-js,0
microsoft,SlickGrid.ADS,https://github.com/microsoft/SlickGrid.ADS,0
microsoft,abledom,https://github.com/microsoft/abledom,0
microsoft,bioinformagus,https://github.com/microsoft/bioinformagus,0
microsoft,aibuilder-labs,https://github.com/microsoft/aibuilder-labs,1
microsoft,TSS.MSR,https://github.com/microsoft/TSS.MSR,0
microsoft,vscode-flake8,https://github.com/microsoft/vscode-flake8,0
microsoft,vscode-autopep8,https://github.com/microsoft/vscode-autopep8,0
microsoft,yardl,https://github.com/microsoft/yardl,0
microsoft,hnslib,https://github.com/microsoft/hnslib,1
microsoft,scmsamples-EnterpriseAssetManagement,https://github.com/microsoft/scmsamples-EnterpriseAssetManagement,0
microsoft,PSDocs-vscode,https://github.com/microsoft/PSDocs-vscode,0
microsoft,vscode-test-adapter-converter,https://github.com/microsoft/vscode-test-adapter-converter,0
microsoft,SharePoint-Embedded-VS-Code-Extension,https://github.com/microsoft/SharePoint-Embedded-VS-Code-Extension,0
microsoft,cluster-api-provider-azurestackhci,https://github.com/microsoft/cluster-api-provider-azurestackhci,0
microsoft,eir,https://github.com/microsoft/eir,1
microsoft,axe-sarif-converter,https://github.com/microsoft/axe-sarif-converter,0
microsoft,PSDocs,https://github.com/microsoft/PSDocs,0
microsoft,vscode-pwa-analyzer,https://github.com/microsoft/vscode-pwa-analyzer,0
microsoft,integrity-vhd,https://github.com/microsoft/integrity-vhd,0
microsoft,assemblyline-service-dotnet,https://github.com/microsoft/assemblyline-service-dotnet,1
microsoft,Trieste,https://github.com/microsoft/Trieste,0
microsoft,CoR,https://github.com/microsoft/CoR,0
microsoft,vscode-ext-kusto,https://github.com/microsoft/vscode-ext-kusto,0
microsoft,healthfutures-evagg,https://github.com/microsoft/healthfutures-evagg,0
microsoft,MSCloudLoginAssistant,https://github.com/microsoft/MSCloudLoginAssistant,0
microsoft,vscode-extension-test-runner,https://github.com/microsoft/vscode-extension-test-runner,0
microsoft,vscode-js-debug-companion,https://github.com/microsoft/vscode-js-debug-companion,0
microsoft,objc-guide,https://github.com/microsoft/objc-guide,0
microsoft,m5b,https://github.com/microsoft/m5b,0
microsoft,Inventory-Visibility-Add-in-Examples,https://github.com/microsoft/Inventory-Visibility-Add-in-Examples,1
microsoft,Build25-BRK234,https://github.com/microsoft/Build25-BRK234,0
microsoft,AgentsClientSDK.Windows,https://github.com/microsoft/AgentsClientSDK.Windows,0
microsoft,PHIDeIDPortal,https://github.com/microsoft/PHIDeIDPortal,1
microsoft,mu_rust_pi,https://github.com/microsoft/mu_rust_pi,0
microsoft,mu_rust_helpers,https://github.com/microsoft/mu_rust_helpers,0
microsoft,mu_rust_hid,https://github.com/microsoft/mu_rust_hid,0
microsoft,AgentsClientSDK.iOS,https://github.com/microsoft/AgentsClientSDK.iOS,1
microsoft,tabster,https://github.com/microsoft/tabster,0
microsoft,DeepGNN,https://github.com/microsoft/DeepGNN,0
microsoft,cloudlab,https://github.com/microsoft/cloudlab,0
microsoft,PowerBI-visuals-ForceGraph,https://github.com/microsoft/PowerBI-visuals-ForceGraph,0
microsoft,applicationinsights-react-js,https://github.com/microsoft/applicationinsights-react-js,0
microsoft,verus-copilot-vscode,https://github.com/microsoft/verus-copilot-vscode,0
microsoft,ado-codespaces-auth,https://github.com/microsoft/ado-codespaces-auth,0
microsoft,vscode-azurestaticwebapps,https://github.com/microsoft/vscode-azurestaticwebapps,0
microsoft,vscode-azurearmtools,https://github.com/microsoft/vscode-azurearmtools,0
microsoft,contractor,https://github.com/microsoft/contractor,0
microsoft,PullRequestQuantifier,https://github.com/microsoft/PullRequestQuantifier,0
microsoft,Msdyn365.Commerce.Online,https://github.com/microsoft/Msdyn365.Commerce.Online,0
microsoft,mu_crypto_release,https://github.com/microsoft/mu_crypto_release,0
microsoft,setup-msstore-cli,https://github.com/microsoft/setup-msstore-cli,0
microsoft,jrt-controller,https://github.com/microsoft/jrt-controller,0
microsoft,vscode-github-triage-actions,https://github.com/microsoft/vscode-github-triage-actions,0
microsoft,power-fx-enhanced-connector,https://github.com/microsoft/power-fx-enhanced-connector,0
microsoft,ContactCenterMessagingSDK-android,https://github.com/microsoft/ContactCenterMessagingSDK-android,0
microsoft,entra-verifiedid-wallet-library-ios,https://github.com/microsoft/entra-verifiedid-wallet-library-ios,0
microsoft,VSSDK-Analyzers,https://github.com/microsoft/VSSDK-Analyzers,0
microsoft,azure-devops-extension-cascading-picklist,https://github.com/microsoft/azure-devops-extension-cascading-picklist,0
microsoft,AL-Go-PTE,https://github.com/microsoft/AL-Go-PTE,0
microsoft,attested-ohttp-client,https://github.com/microsoft/attested-ohttp-client,0
microsoft,scFM-dataselection,https://github.com/microsoft/scFM-dataselection,0
microsoft,ai-gallery-extension,https://github.com/microsoft/ai-gallery-extension,0
microsoft,airflow-providers-microsoft-fabric,https://github.com/microsoft/airflow-providers-microsoft-fabric,0
microsoft,openjdk-jdk24u,https://github.com/microsoft/openjdk-jdk24u,0
microsoft,kalypso-observability-hub,https://github.com/microsoft/kalypso-observability-hub,0
microsoft,github-copilot-advanced-hackathon,https://github.com/microsoft/github-copilot-advanced-hackathon,0
microsoft,jl-glove,https://github.com/microsoft/jl-glove,0
microsoft,m365-renovate-config,https://github.com/microsoft/m365-renovate-config,0
microsoft,process-migrator,https://github.com/microsoft/process-migrator,0
microsoft,AzureManagedHsmTLSOffload,https://github.com/microsoft/AzureManagedHsmTLSOffload,0
microsoft,CLOG,https://github.com/microsoft/CLOG,0
microsoft,vivainsights-py,https://github.com/microsoft/vivainsights-py,0
microsoft,moc-sdk-for-go,https://github.com/microsoft/moc-sdk-for-go,0
microsoft,PSRule.Rules.GitHub,https://github.com/microsoft/PSRule.Rules.GitHub,0
microsoft,ps-rule,https://github.com/microsoft/ps-rule,0
microsoft,CBL-Mariner-Linux-Kernel,https://github.com/microsoft/CBL-Mariner-Linux-Kernel,0
microsoft,service-fabric-client-dotnet,https://github.com/microsoft/service-fabric-client-dotnet,0
microsoft,go-otel-audit,https://github.com/microsoft/go-otel-audit,0
microsoft,mapi-rs,https://github.com/microsoft/mapi-rs,0
microsoft,vscode-isort,https://github.com/microsoft/vscode-isort,0
microsoft,azure-health-data-services-toolkit,https://github.com/microsoft/azure-health-data-services-toolkit,0
microsoft,workspace-tools,https://github.com/microsoft/workspace-tools,0
microsoft,TestAdapterForGoogleTest,https://github.com/microsoft/TestAdapterForGoogleTest,0
microsoft,pgsql-tools,https://github.com/microsoft/pgsql-tools,0
microsoft,kalypso-scheduler,https://github.com/microsoft/kalypso-scheduler,0
microsoft,FabricCAT,https://github.com/microsoft/FabricCAT,0
microsoft,azure-rest-api-specs_2024-03-01,https://github.com/microsoft/azure-rest-api-specs_2024-03-01,0
microsoft,SAIMOpt.jl,https://github.com/microsoft/SAIMOpt.jl,0
microsoft,AIMFGIgnited,https://github.com/microsoft/AIMFGIgnited,0
microsoft,Azure-DCAP-Client,https://github.com/microsoft/Azure-DCAP-Client,0
microsoft,contoso-real-estate-power-platform,https://github.com/microsoft/contoso-real-estate-power-platform,0
microsoft,azure-privacy-sandbox-kms,https://github.com/microsoft/azure-privacy-sandbox-kms,0
microsoft,EASIER,https://github.com/microsoft/EASIER,0
microsoft,ado-npm-auth,https://github.com/microsoft/ado-npm-auth,0
microsoft,BA-CSA-Assets,https://github.com/microsoft/BA-CSA-Assets,0
microsoft,jpwebapps,https://github.com/microsoft/jpwebapps,0
microsoft,powerbi-visuals-pulsechart,https://github.com/microsoft/powerbi-visuals-pulsechart,0
microsoft,win-net-test,https://github.com/microsoft/win-net-test,0
microsoft,foresight,https://github.com/microsoft/foresight,0
microsoft,immersive-reader-sdk,https://github.com/microsoft/immersive-reader-sdk,0
microsoft,kubevirt,https://github.com/microsoft/kubevirt,0
microsoft,WSEAutomationTests,https://github.com/microsoft/WSEAutomationTests,0
microsoft,e8c22,https://github.com/microsoft/e8c22,0
microsoft,bcsamples-bingmaps.pte,https://github.com/microsoft/bcsamples-bingmaps.pte,0
microsoft,PowerBI-visuals-RadarChart,https://github.com/microsoft/PowerBI-visuals-RadarChart,0
microsoft,powerbi-visuals-timeline,https://github.com/microsoft/powerbi-visuals-timeline,0
microsoft,PSRule.Rules.MSFT.OSS,https://github.com/microsoft/PSRule.Rules.MSFT.OSS,0
microsoft,PowerBI-visuals-Tornado,https://github.com/microsoft/PowerBI-visuals-Tornado,0
microsoft,Obliviate-Unmemorization,https://github.com/microsoft/Obliviate-Unmemorization,0
microsoft,PowerShell-FeatureFlags,https://github.com/microsoft/PowerShell-FeatureFlags,0
microsoft,UnifiedRedisPlatform.Core,https://github.com/microsoft/UnifiedRedisPlatform.Core,0
microsoft,Dynamics365Commerce.InStore,https://github.com/microsoft/Dynamics365Commerce.InStore,0
microsoft,undocked,https://github.com/microsoft/undocked,0
microsoft,cookie-doh,https://github.com/microsoft/cookie-doh,0
microsoft,azure-boards-estimate,https://github.com/microsoft/azure-boards-estimate,0
microsoft,skill-slice-insights,https://github.com/microsoft/skill-slice-insights,0
microsoft,kiota-php,https://github.com/microsoft/kiota-php,0
microsoft,swift-guide,https://github.com/microsoft/swift-guide,0
microsoft,PowerBI-visuals-sampleBarChart-react,https://github.com/microsoft/PowerBI-visuals-sampleBarChart-react,0
microsoft,Apache-Provider,https://github.com/microsoft/Apache-Provider,0
microsoft,Build-Apache-Provider,https://github.com/microsoft/Build-Apache-Provider,0
microsoft,omi-kits,https://github.com/microsoft/omi-kits,0
microsoft,json-document-transforms,https://github.com/microsoft/json-document-transforms,0
microsoft,appcenter-cli,https://github.com/microsoft/appcenter-cli,0
microsoft,powerplatformconnect,https://github.com/microsoft/powerplatformconnect,0
microsoft,azure_pg_dev_workshop,https://github.com/microsoft/azure_pg_dev_workshop,0
microsoft,responsible-ai-toolbox-privacy,https://github.com/microsoft/responsible-ai-toolbox-privacy,0
microsoft,gulp-vinyl-zip,https://github.com/microsoft/gulp-vinyl-zip,0
microsoft,powerbi-visuals-linedotchart,https://github.com/microsoft/powerbi-visuals-linedotchart,0
microsoft,vscode-azurearcenabledmachines,https://github.com/microsoft/vscode-azurearcenabledmachines,0
microsoft,powerbi-visuals-heatmap,https://github.com/microsoft/powerbi-visuals-heatmap,0
microsoft,powerbi-visuals-chord,https://github.com/microsoft/powerbi-visuals-chord,0
microsoft,powerbi-visuals-bulletchart,https://github.com/microsoft/powerbi-visuals-bulletchart,0
microsoft,powerbi-visuals-dualkpi,https://github.com/microsoft/powerbi-visuals-dualkpi,0
microsoft,polonius,https://github.com/microsoft/polonius,0
microsoft,ohttp,https://github.com/microsoft/ohttp,0
microsoft,graph-drilldown,https://github.com/microsoft/graph-drilldown,0
microsoft,cloud-hypervisor,https://github.com/microsoft/cloud-hypervisor,0
microsoft,azuredatastudio-mysql,https://github.com/microsoft/azuredatastudio-mysql,0
microsoft,azure-rest-api-specs-meja,https://github.com/microsoft/azure-rest-api-specs-meja,0
microsoft,azure-devops-symbols,https://github.com/microsoft/azure-devops-symbols,0
microsoft,StatisticsTool,https://github.com/microsoft/StatisticsTool,0
microsoft,GitHub-Copilot-Cobol-Extension-Sample,https://github.com/microsoft/GitHub-Copilot-Cobol-Extension-Sample,0
microsoft,FluidIgniteCodeLab,https://github.com/microsoft/FluidIgniteCodeLab,0
microsoft,AzureStack_Network_Switch_Config_Generator,https://github.com/microsoft/AzureStack_Network_Switch_Config_Generator,0
microsoft,cmd-call-graph,https://github.com/microsoft/cmd-call-graph,0
microsoft,hands-on-lab-redis,https://github.com/microsoft/hands-on-lab-redis,0
